{
  "Vicuña, Chile": [
    -70.7220435,
    -30.0401227
  ],
  "Saavedra, Argentina": [
    -58.4958659,
    -34.5628183
  ],
  "Santiago, Chile": [
    -70.6584614,
    -33.4333882
  ],
  "Antofagasta, Chile": [
    -70.4292254,
    -23.7084645
  ],
  "San Pedro de Atacama, Chile": [
    -68.1926956,
    -22.9146995
  ],
  "Khabarovsk, Russia": [
    135.0567932,
    48.4724678
  ],
  "Petropavlovsk-Kamchatskiy, Russia": [
    158.6504735,
    53.013359
  ],
  "Ussuriysk, Russia": [
    131.9782187,
    43.8218764
  ],
  "Vyazemsky, Russia": [
    134.7528664,
    47.5335139
  ],
  "Sumida City, Japan": [
    139.8159778,
    35.7117889
  ],
  "Khasansky District, Russia": [
    131.142282,
    42.613484
  ],
  "Vladivostok, Russia": [
    131.8924506,
    43.1321437
  ],
  "Nonhyeon-ro, South Korea": [
    127.0371081,
    37.5018143
  ],
  "Osaka, Japan": [
    135.523463,
    34.701296
  ],
  "Dong Cheng Qu, China": [
    116.4259886,
    39.9488284
  ],
  "Pu Dong Xin Qu, China": [
    121.601989,
    31.204213
  ],
  "Hang Zhou Shi, China": [
    120.174213,
    30.317639
  ],
  "Novosibirsk, Russia": [
    82.7473906,
    54.9980499
  ],
  "Guang Zhou Shi, China": [
    113.3331062,
    23.1758075
  ],
  "Abakan, Russia": [
    91.3997591,
    53.7512294
  ],
  "Omsk, Russia": [
    73.413493,
    54.8861127
  ],
  "Nur-Sultan, Kazakhstan": [
    71.4151303,
    51.1878142
  ],
  "Thành phố Hạ Long, Vietnam": [
    107.029283,
    20.946992
  ],
  "French Quarter, Vietnam": [
    105.8536604,
    21.0266774
  ],
  "Almaty, Kazakhstan": [
    76.9393329,
    43.2509292
  ],
  "Yekaterinburg, Russia": [
    60.5986548,
    56.8371037
  ],
  "Kyzylorda, Kazakhstan": [
    65.4951791,
    44.8544647
  ],
  "Muang Pattaya, Thailand": [
    100.8745,
    12.8901483
  ],
  "Tambon Hua Hin, Thailand": [
    99.9601135,
    12.5716837
  ],
  "แขวง คลองเตยเหนือ, Thailand": [
    100.5616355,
    13.7434356
  ],
  "Karmakshy District, Kazakhstan": [
    63.3422597,
    45.9202478
  ],
  "Singapore, Singapore": [
    103.8486912,
    1.2928531
  ],
  "Tambon Patong, Thailand": [
    98.2992281,
    7.897351
  ],
  "Kuta, Indonesia": [
    115.1752277,
    -8.7237964
  ],
  "Delhi, India": [
    77.1819528,
    28.6427932
  ],
  "Kazan, Russia": [
    49.129461,
    55.7942504
  ],
  "Ulyanovsk, Russia": [
    48.3999717,
    54.3173039
  ],
  "Nizhnij Novgorod, Russia": [
    43.9867917,
    56.3168945
  ],
  "Cherepovets, Russia": [
    37.9027341,
    59.130229
  ],
  "Samara, Russia": [
    50.2221431,
    53.251248
  ],
  "Novaya Kupavna, Russia": [
    38.0962753,
    55.8267555
  ],
  "Аэропорт Шереметьево, Russia": [
    37.413283,
    55.9630122
  ],
  "Mumbai, India": [
    72.8370105,
    18.9387716
  ],
  "Tver, Russia": [
    35.9302499,
    56.8448895
  ],
  "Losevo, Russia": [
    30.0018392,
    60.6787848
  ],
  "Sankt-Peterburg, Russia": [
    30.3215497,
    59.9296784
  ],
  "Sosnovy Bor, Russia": [
    29.0522759,
    59.8521518
  ],
  "Bakı, Azerbaijan": [
    49.8422862,
    40.3712595
  ],
  "Morjim, India": [
    73.7371218,
    15.6193147
  ],
  "Veliky Novgorod, Russia": [
    31.2688213,
    58.5221172
  ],
  "Tromsø, Norway": [
    18.9429537,
    69.6503564
  ],
  "Novosrednenskoe, Russia": [
    43.8248864,
    44.0914051
  ],
  "Tehran, Iran": [
    51.4005155,
    35.7014308
  ],
  "Belgorod, Russia": [
    36.6045275,
    50.5928325
  ],
  "Kandy, Sri Lanka": [
    80.6258019,
    7.2764334
  ],
  "Rostov-na-Donu, Russia": [
    39.698873,
    47.228135
  ],
  "Colombo, Sri Lanka": [
    79.8786337,
    6.8916246
  ],
  "T'bilisi, Georgia": [
    44.7693458,
    41.7318107
  ],
  "Ahangama, Sri Lanka": [
    80.3464035,
    5.9804624
  ],
  "Helsinki, Finland": [
    24.9315807,
    60.1704502
  ],
  "Minsk, Belarus": [
    27.898412,
    53.8766604
  ],
  "Rīga, Latvia": [
    24.1047588,
    56.949016
  ],
  "Kyiv, Ukraine": [
    30.5318499,
    50.4355493
  ],
  "Dubai, United Arab Emirates": [
    55.279545,
    25.1928689
  ],
  "Norrmalm, Sweden": [
    18.0732944,
    59.3343917
  ],
  "Odesa, Ukraine": [
    30.7430625,
    46.4825815
  ],
  "Södermanlands län, Sweden": [
    16.9153649,
    58.7890201
  ],
  "L'viv, Ukraine": [
    24.029717,
    49.839683
  ],
  "Nikolai, Sweden": [
    15.2144862,
    59.2707596
  ],
  "Kaliningrad, Russia": [
    20.5120467,
    54.7063834
  ],
  "Warszawa, Poland": [
    20.9823881,
    52.1906284
  ],
  "Shehyni, Ukraine": [
    22.9583319,
    49.7985919
  ],
  "Dipkarpaz": [
    34.54477,
    35.6428331
  ],
  "Uzhhorod, Ukraine": [
    22.287883,
    48.6208
  ],
  "Ullensaker, Norway": [
    11.1020144,
    60.1898945
  ],
  "İstanbul, Turkey": [
    28.9831908,
    41.0395671
  ],
  "Kraków, Poland": [
    19.9449799,
    50.0646501
  ],
  "Famagusta": [
    33.930832,
    35.130719
  ],
  "København, Denmark": [
    12.5756005,
    55.6193989
  ],
  "Limassol, Cyprus": [
    33.0593261,
    34.685894
  ],
  "Budapest, Hungary": [
    19.0527069,
    47.484061
  ],
  "Akıncı, Turkey": [
    27.1414,
    38.4215
  ],
  "Berlin, Germany": [
    13.40328,
    52.5482502
  ],
  "Beograd, Serbia": [
    20.4557313,
    44.8085085
  ],
  "Ružinov, Slovakia": [
    17.121313,
    48.1403215
  ],
  "Vathi, Greece": [
    26.983047,
    37.75317
  ],
  "Dresden, Germany": [
    13.7534752,
    51.0658922
  ],
  "Wien, Austria": [
    16.4004833,
    48.1761125
  ],
  "Keszthely, Hungary": [
    17.2409289,
    46.7587292
  ],
  "Staré Město, Czechia": [
    14.4244128,
    50.087031
  ],
  "Sutomore, Montenegro": [
    19.0619036,
    42.1335606
  ],
  "شيراتون المطار, Egypt": [
    31.3969975,
    30.1112573
  ],
  "Düsseldorf, Germany": [
    6.7796213,
    51.2736887
  ],
  "Frankfurt am Main, Germany": [
    8.6266668,
    50.1278874
  ],
  "Bari, Italy": [
    16.8648639,
    41.1252417
  ],
  "Al Hudaydah, Yemen": [
    42.9360364,
    14.8011259
  ],
  "Amsterdam, Netherlands": [
    4.8917236,
    52.3761301
  ],
  "Freiburg im Breisgau, Germany": [
    7.8527802,
    47.9983761
  ],
  "Djibouti, Djibouti": [
    43.1539589,
    11.5476186
  ],
  "Napoli, Italy": [
    14.2681244,
    40.8517746
  ],
  "Città del Vaticano, Vatican City": [
    12.4544835,
    41.9029468
  ],
  "Pisa, Italy": [
    10.4016888,
    43.7228386
  ],
  "Torino, Italy": [
    7.6750249,
    45.0457003
  ],
  "Orbetello, Italy": [
    11.2124083,
    42.4396474
  ],
  "Greater London, United Kingdom": [
    -0.0796856,
    51.5150181
  ],
  "Paris, France": [
    2.362936,
    48.891341
  ],
  "Béziers, France": [
    3.2142026,
    43.3414605
  ],
  "Andorra la Vella, Andorra": [
    1.520433,
    42.507077
  ],
  "Rubí, Spain": [
    2.0300359,
    41.4925281
  ],
  "Santander, Spain": [
    -3.7895718,
    43.4652217
  ],
  "Gerona, Spain": [
    2.8169214,
    41.9793477
  ],
  "València, Spain": [
    -0.3762881,
    39.4699075
  ],
  "Porto, Portugal": [
    -8.6095462,
    41.1460125
  ],
  "Gibraltar, Gibraltar": [
    -5.3657407,
    36.1442984
  ],
  "Spain, Spain": [
    -6.3529282,
    36.6154633
  ],
  "Málaga, Spain": [
    -4.4782468,
    36.6731748
  ],
  "Madrid, Spain": [
    -3.7037902,
    40.4167754
  ],
  "Marrakech, Morocco": [
    -8.009407,
    31.641557
  ],
  "Hoosick Falls, United States": [
    -73.3513883,
    42.9012031
  ],
  "Cascais, Portugal": [
    -9.4159886,
    38.6934683
  ],
  "Boston, United States": [
    -71.0474227,
    42.3534969
  ],
  "Catskill, United States": [
    -74.0032043,
    42.2197189
  ],
  "Hankins, United States": [
    -75.0642288,
    41.8488957
  ],
  "Niagara Falls, United States": [
    -79.0621157,
    43.088982
  ],
  "Washington, DC, United States": [
    -77.0096672,
    38.8789979
  ],
  "Charlottesville, United States": [
    -78.486831,
    38.0520039
  ],
  "New York, United States": [
    -73.9934088,
    40.7561622
  ],
  "Bay Lake, United States": [
    -81.57074,
    28.3771857
  ],