{
  "Abakan, Russia": [
    53.7175644,
    91.4293172
  ],
  "Adachi, Japan": [
    35.7756644,
    139.8044788
  ],
  "Ahangama, Sri Lanka": [
    5.973974699999999,
    80.36215949999999
  ],
  "Akıncı Mahallesi, Turkey": [
    39.649515,
    27.8875495
  ],
  "Al Hudaydah, Yemen": [
    14.7909118,
    42.9708838
  ],
  "Almaty, Kazakhstan": [
    43.2220146,
    76.8512485
  ],
  "Alto da Boa Vista, Brazil": [
    -22.972707,
    -43.284099
  ],
  "Amsterdam, Netherlands": [
    52.3679843,
    4.9035614
  ],
  "Antofagasta, Chile": [
    -23.6509279,
    -70.39750219999999
  ],
  "Ao Nang, Thailand": [
    8.0414921,
    98.8366162
  ],
  "Astana, Kazakhstan": [
    51.16052269999999,
    71.4703558
  ],
  "Austin, United States": [
    30.267153,
    -97.7430608
  ],
  "Aydın, Turkey": [
    37.8380162,
    27.8455601
  ],
  "Ba Đình, Vietnam": [
    21.0337815,
    105.8140539
  ],
  "Baikonur, Kazakhstan": [
    45.6232258,
    63.31398289999999
  ],
  "Bakı, Azerbaijan": [
    40.40926169999999,
    49.8670924
  ],
  "Bar, Montenegro": [
    42.0912106,
    19.089904
  ],
  "Barcelona, Spain": [
    41.3850639,
    2.1734035
  ],
  "Bari, Italy": [
    41.1171432,
    16.8718715
  ],
  "Beijing, China": [
    39.90419989999999,
    116.4073963
  ],
  "Belgorod, Russia": [
    50.5997134,
    36.5982621
  ],
  "Benoa, Indonesia": [
    -8.7586798,
    115.2143892
  ],
  "Beograd, Serbia": [
    44.786568,
    20.4489216
  ],
  "Berlin, Germany": [
    52.52000659999999,
    13.404954
  ],
  "Beruwala, Sri Lanka": [
    6.473837899999999,
    79.99199949999999
  ],
  "Big Pine, United States": [
    37.1649307,
    -118.289546
  ],
  "Boston, United States": [
    42.3600825,
    -71.0588801
  ],
  "Botafogo, Brazil": [
    -22.9511149,
    -43.1809269
  ],
  "Bratislava, Slovakia": [
    48.1485965,
    17.1077478
  ],
  "Bratislava-Staré Mesto, Slovakia": [
    48.148598,
    17.1077474
  ],
  "Budapest, Hungary": [
    47.497912,
    19.040235
  ],
  "Buffalo, United States": [
    42.88644679999999,
    -78.8783689
  ],
  "Cairo Governorate, Egypt": [
    30.1197986,
    31.5370003
  ],
  "Cancún, Mexico": [
    21.161908,
    -86.8515279
  ],
  "Canggu, Indonesia": [
    -8.6478175,
    115.1385192
  ],
  "Cascais, Portugal": [
    38.6967571,
    -9.4207438
  ],
  "Catskill, United States": [
    42.21460709999999,
    -73.95949399999999
  ],
  "Centro, Brazil": [
    -22.9070828,
    -43.18191480000001
  ],
  "Chandler, United States": [
    33.3061605,
    -111.8412502
  ],
  "ChaoWai, China": [
    39.923174,
    116.441428
  ],
  "Chaoyang Qu, China": [
    39.921469,
    116.443107
  ],
  "Charlottesville, United States": [
    38.0293059,
    -78.47667810000002
  ],
  "Cherepovets, Russia": [
    59.132333,
    37.9091811
  ],
  "Chicago, United States": [
    41.8781136,
    -87.6297982
  ],
  "Chiyoda, Japan": [
    35.6940027,
    139.7535951
  ],
  "Church End & Roundwood, United Kingdom": [
    51.54497,
    -0.2516548
  ],
  "Ciudad de México, Mexico": [
    19.4326077,
    -99.133208
  ],
  "Cobá, Mexico": [
    20.490463,
    -87.7279087
  ],
  "Colombo, Sri Lanka": [
    6.9270786,
    79.861243
  ],
  "Copacabana, Brazil": [
    -22.9697777,
    -43.1868592
  ],
  "Copenhagen, Denmark": [
    55.6760968,
    12.5683372
  ],
  "Coyoacán, Mexico": [
    19.3437444,
    -99.1561883
  ],
  "Czechia, Czechia": [
    49.81749199999999,
    15.472962
  ],
  "Denpasar Barat, Indonesia": [
    -8.666646400000001,
    115.1948445
  ],
  "Dipkarpaz": [
    35.6176824,
    34.4087307
  ],
  "Djibouti, Djibouti": [
    11.825138,
    42.590275
  ],
  "DongDan, China": [
    39.909741,
    116.414514
  ],
  "Dongcheng Qu, China": [
    39.92835300000001,
    116.416357
  ],
  "Dresden, Germany": [
    51.0504088,
    13.7372621
  ],
  "Drohobych, Ukraine": [
    49.3580116,
    23.5123193
  ],
  "Dubai, United Arab Emirates": [
    25.2048493,
    55.2707828
  ],
  "Düsseldorf, Germany": [
    51.2277411,
    6.7734556
  ],
  "Flagstaff, United States": [
    35.1982836,
    -111.651302
  ],
  "Florenc, Czechia": [
    50.09116969999999,
    14.4387111
  ],
  "Frankfurt am Main, Germany": [
    50.1109221,
    8.6821267
  ],
  "Freiburg im Breisgau, Germany": [
    47.9990077,
    7.842104299999999
  ],
  "Friedrichsdorf, Germany": [
    50.2538496,
    8.6417409
  ],
  "Gamle Oslo, Norway": [
    59.9064725,
    10.7814201
  ],
  "Gazi Mağusa, Turkey": [
    35.131846,
    33.939889
  ],
  "Georgiyevsk, Russia": [
    44.1497667,
    43.4577689
  ],
  "Gibraltar, Gibraltar": [
    36.140751,
    -5.353585
  ],
  "Gold Bar, United States": [
    30.5982249,
    -97.86593289999999
  ],
  "Greater London, United Kingdom": [
    51.4309209,
    -0.0936496
  ],
  "Grünerløkka, Norway": [
    59.9238678,
    10.7578424
  ],
  "Guangzhou Shi, China": [
    23.12911,
    113.264385
  ],
  "Gwanghui-dong, South Korea": [
    37.5644798,
    127.0052446
  ],
  "Hangzhou, China": [
    30.274084,
    120.15507
  ],
  "Hankins, United States": [
    41.8142548,
    -75.0868347
  ],
  "Helsinki, Finland": [
    60.16985569999999,
    24.9383791
  ],
  "Holbox, Mexico": [
    21.5308421,
    -87.2866995
  ],
  "Hongkou Qu, China": [
    31.2646,
    121.505132
  ],
  "Hoosick Falls, United States": [
    42.9011892,
    -73.3515001
  ],
  "Hoàn Kiếm, Vietnam": [
    21.027964,
    105.8510132
  ],
  "Hua Hin, Thailand": [
    12.568452,
    99.9577223
  ],
  "Huangpu Qu, China": [
    31.231763,
    121.484443
  ],
  "Hungary, Hungary": [
    47.162494,
    19.5033041
  ],
  "Hägersten-Liljeholmen, Sweden": [
    59.3035659,
    18.0065044
  ],
  "Idaho Falls, United States": [
    43.49266069999999,
    -112.0407584
  ],
  "Ipanema, Brazil": [
    -22.984667,
    -43.1985932
  ],
  "Itaewon-dong, South Korea": [
    37.5400456,
    126.9921017
  ],
  "Kaliningrad, Russia": [
    54.7104264,
    20.4522144
  ],
  "Kandy, Sri Lanka": [
    7.2905715,
    80.6337262
  ],
  "Karlova Ves, Slovakia": [
    48.1591643,
    17.0518442
  ],
  "Katunayake, Sri Lanka": [
    7.172484899999999,
    79.8853484
  ],
  "Kazan, Russia": [
    55.8304307,
    49.06608060000001
  ],
  "Kelaniya, Sri Lanka": [
    6.951784600000001,
    79.9132991
  ],
  "Kensington, United Kingdom": [
    51.5010095,
    -0.1932794
  ],
  "Kerobokan Kelod, Indonesia": [
    -8.6719954,
    115.1649273
  ],
  "Kerobokan, Indonesia": [
    -8.6512212,
    115.1622363
  ],
  "Keszthely, Hungary": [
    46.7654716,
    17.2479554
  ],
  "Khabarovsk, Russia": [
    48.5157837,
    135.1011706
  ],
  "Kharkiv, Ukraine": [
    49.9935,
    36.230383
  ],
  "Khasansky District, Russia": [
    42.7730768,
    130.9273205
  ],
  "Khimki, Russia": [
    55.8940553,
    37.44394870000001
  ],
  "Khlong Tan Nuea, Thailand": [
    13.7352523,
    100.5830644
  ],
  "Khwaeng Chatuchak, Thailand": [
    13.8167455,
    100.5493011
  ],
  "Khwaeng Chom Phon, Thailand": [
    13.8073166,
    100.5689948
  ],
  "Koto, Japan": [
    35.6728535,
    139.8174097
  ],
  "Kraków, Poland": [
    50.06465009999999,
    19.9449799
  ],
  "Krasnogorsk, Russia": [
    55.8263313,
    37.326297
  ],
  "Kravtsovka, Russia": [
    43.3588517,
    131.6433663
  ],
  "Kuta Utara, Indonesia": [
    -8.6488988,
    115.1592718
  ],
  "Kuta, Indonesia": [
    -8.7223957,
    115.1767095
  ],
  "Kyiv, Ukraine": [
    50.4501,
    30.5234
  ],
  "Kyoto Prefecture, Japan": [
    35.0212466,
    135.7555968
  ],
  "Kyzylorda, Kazakhstan": [
    44.84883139999999,
    65.4822686
  ],
  "L'viv, Ukraine": [
    49.839683,
    24.029717
  ],
  "La Habana, Cuba": [
    23.1135925,
    -82.3665956
  ],
  "La Serena, Chile": [
    -29.9026691,
    -71.2519374
  ],
  "Lagoa, Brazil": [
    -22.9621372,
    -43.2076913
  ],
  "Larnaka, Cyprus": [
    34.9002535,
    33.6231723
  ],
  "Las Vegas, United States": [
    36.1699412,
    -115.1398296
  ],
  "Lee Vining, United States": [
    37.957592,
    -119.119943
  ],