{
  "Tbilisi, Georgia": [
    41.7151377,
    44.827096
  ],
  "Marrakech, Morocco": [
    31.6294723,
    -7.981084500000001
  ],
  "Shehyni, Ukraine": [
    49.8007959,
    22.9823133
  ],
  "Long Island City, United States": [
    40.744679,
    -73.9485424
  ],
  "Kuta, Indonesia": [
    -8.7223957,
    115.1767095
  ],
  "DongDan, China": [
    39.909741,
    116.414514
  ],
  "Seoul, South Korea": [
    37.566535,
    126.9779692
  ],
  "Ullensaker, Norway": [
    60.1349136,
    11.1637891
  ],
  "Torino, Italy": [
    45.0703393,
    7.686864
  ],
  "Napoli, Italy": [
    40.8517983,
    14.26812
  ],
  "Chaoyang, China": [
    41.57365,
    120.4493879
  ],
  "Bar, Montenegro": [
    42.0912106,
    19.089904
  ],
  "Benoa, Indonesia": [
    -8.7586798,
    115.2143892
  ],
  "Chaoyang Qu, China": [
    39.921469,
    116.443107
  ],
  "Padangsambian, Indonesia": [
    -8.6546221,
    115.1859517
  ],
  "Bari, Italy": [
    41.1171432,
    16.8718715
  ],
  "Bangkok, Thailand": [
    13.7563309,
    100.5017651
  ],
  "Legian, Indonesia": [
    -8.700997,
    115.1740942
  ],
  "Singapore, Singapore": [
    1.352083,
    103.819836
  ],
  "Muang Pattaya, Thailand": [
    12.9235557,
    100.8824551
  ],
  "Friedrichsdorf, Germany": [
    50.2538496,
    8.6417409
  ],
  "Helsinki, Finland": [
    60.16985569999999,
    24.9383791
  ],
  "Veleslavín, Czechia": [
    50.09332029999999,
    14.349947
  ],
  "Pohlheim, Germany": [
    50.50832150000001,
    8.7246052
  ],
  "Frankfurt am Main, Germany": [
    50.1109221,
    8.6821267
  ],
  "Staré Město, Czechia": [
    50.0894377,
    14.4194074
  ],
  "Nové Město, Czechia": [
    49.5614432,
    16.0741877
  ],
  "Kyiv, Ukraine": [
    50.4501,
    30.5234
  ],
  "Moskva, Russia": [
    55.755826,
    37.6172999
  ],
  "Almaty, Kazakhstan": [
    43.2220146,
    76.8512485
  ],
  "Samara, Russia": [
    53.2415041,
    50.2212463
  ],
  "Morjim, India": [
    15.6316233,
    73.7389596
  ],
  "Davie, United States": [
    26.0764783,
    -80.25211569999999
  ],
  "Mumbai, India": [
    19.0759837,
    72.8776559
  ],
  "Denpasar Barat, Indonesia": [
    -8.666646400000001,
    115.1948445
  ],
  "Thane, India": [
    19.2183307,
    72.9780897
  ],
  "Tibubeneng, Indonesia": [
    -8.6469901,
    115.150378
  ],
  "Kerobokan Kelod, Indonesia": [
    -8.6719954,
    115.1649273
  ],
  "Bozkurt Mahallesi, Turkey": [
    41.0489703,
    28.9841561
  ],
  "Russia, Russia": [
    61.52401,
    105.318756
  ],
  "Turkey, Turkey": [
    38.963745,
    35.243322
  ],
  "Teşvikiye Mahallesi, Turkey": [
    41.0527023,
    28.99798049999999
  ],
  "Cankurtaran Mahallesi, Turkey": [
    41.0103672,
    28.9834284
  ],
  "Caferağa Mahallesi, Turkey": [
    40.9837196,
    29.0256257
  ],
  "Asmalı Mescit Mahallesi, Turkey": [
    41.0309085,
    28.9750603
  ],
  "Sultantepe Mahallesi, Turkey": [
    41.0292993,
    29.0241708
  ],
  "Şahkulu Mahallesi, Turkey": [
    41.0274432,
    28.9739688
  ],
  "Altınşehir Mahallesi, Turkey": [
    40.2205094,
    28.9324853
  ],
  "Aydın, Turkey": [
    37.8380162,
    27.8455601
  ],
  "New Delhi, India": [
    28.6139391,
    77.2090212
  ],
  "İsmet Kaptan Mahallesi, Turkey": [
    38.4265655,
    27.139711
  ],
  "Georgia, Georgia": [
    32.1656221,
    -82.9000751
  ],
  "Ba Đình, Vietnam": [
    21.0337815,
    105.8140539
  ],
  "Khwaeng Chatuchak, Thailand": [
    13.8167455,
    100.5493011
  ],
  "Tambon Hua Hin, Thailand": [
    12.5683747,
    99.9576888
  ],
  "Khwaeng Chom Phon, Thailand": [
    13.8073166,
    100.5689948
  ],
  "Hua Hin, Thailand": [
    12.568452,
    99.9577223
  ],
  "Hoàn Kiếm, Vietnam": [
    21.027964,
    105.8510132
  ],
  "Ngọc Khánh, Vietnam": [
    21.0301393,
    105.8099499
  ],
  "Thành phố Hạ Long, Vietnam": [
    20.9711977,
    107.0448069
  ],
  "Odesa, Ukraine": [
    46.482526,
    30.7233095
  ],
  "Hongkou Qu, China": [
    31.2646,
    121.505132
  ],
  "Minsk, Belarus": [
    53.90453979999999,
    27.5615244
  ],
  "Barcelona, Spain": [
    41.3850639,
    2.1734035
  ],
  "L'viv, Ukraine": [
    49.839683,
    24.029717
  ],
  "Kraków, Poland": [
    50.06465009999999,
    19.9449799
  ],
  "Mukacheve, Ukraine": [
    48.4493055,
    22.7117106
  ],
  "Uzhhorod, Ukraine": [
    48.6208,
    22.287883
  ],
  "Drohobych, Ukraine": [
    49.3580116,
    23.5123193
  ],
  "Roma, Italy": [
    41.9027835,
    12.4963655
  ],
  "Lucca, Italy": [
    43.8429197,
    10.5026977
  ],
  "Livorno, Italy": [
    43.548473,
    10.3105674
  ],
  "Orbetello, Italy": [
    42.4868131,
    11.2297105
  ],
  "València, Spain": [
    39.4699075,
    -0.3762881
  ],
  "Stockholms län, Sweden": [
    59.60249579999999,
    18.1384383
  ],
  "Örebro SO, Sweden": [
    59.2362228,
    15.5328852
  ],
  "Nyköping NV, Sweden": [
    58.8046776,
    16.8746487
  ],
  "Östermalm, Sweden": [
    59.33668449999999,
    18.0852924
  ],
  "Sigtuna N, Sweden": [
    59.6939926,
    17.9986841
  ],
  "Södermalm, Sweden": [
    59.31252679999999,
    18.0616188
  ],
  "Nikolai, Sweden": [
    59.2682707,
    15.2155815
  ],
  "Norrmalm, Sweden": [
    59.3346342,
    18.060526
  ],
  "Phuket, Thailand": [
    7.9519331,
    98.33808839999999
  ],
  "Patong, Thailand": [
    7.8965763,
    98.30210439999999
  ],
  "Cherepovets, Russia": [
    59.132333,
    37.9091811
  ],
  "Suriya Wong, Thailand": [
    13.726984,
    100.526096
  ],
  "Kamer Hatun Mahallesi, Turkey": [
    41.03496250000001,
    28.9750603
  ],
  "Ao Nang, Thailand": [
    8.0414921,
    98.8366162
  ],
  "Beruwala, Sri Lanka": [
    6.473837899999999,
    79.99199949999999
  ],
  "Colombo, Sri Lanka": [
    6.9270786,
    79.861243
  ],
  "Canggu, Indonesia": [
    -8.6478175,
    115.1385192
  ],
  "Hüseyinağa Mahallesi, Turkey": [
    41.035123,
    28.9786987
  ],
  "Yekaterinburg, Russia": [
    56.83892609999999,
    60.6057025
  ],
  "Şehit Muhtar Mahallesi, Turkey": [
    41.036641,
    28.9816093
  ],
  "Muang, Thailand": [
    13.8649215,
    99.58960429999999
  ],
  "Adachi, Japan": [
    35.7756644,
    139.8044788
  ],
  "Shinagawa, Japan": [
    35.6092261,
    139.7301861
  ],
  "Samseong-dong, South Korea": [
    37.5139848,
    127.0565207
  ],
  "Wattala, Sri Lanka": [
    7.002513,
    79.9098925
  ],
  "Kandy, Sri Lanka": [
    7.2905715,
    80.6337262
  ],
  "Kelaniya, Sri Lanka": [
    6.951784600000001,
    79.9132991
  ],
  "Tambon Karon, Thailand": [
    7.8287744,
    98.3012857
  ],
  "ตาก, Thailand": [
    16.8839901,
    99.1258498
  ],
  "Kuta Utara, Indonesia": [
    -8.6488988,
    115.1592718
  ],
  "Kerobokan, Indonesia": [
    -8.6512212,
    115.1622363
  ],
  "Pemecutan Kaja, Indonesia": [
    -8.6389439,
    115.2075208
  ],
  "Chiyoda, Japan": [
    35.6940027,
    139.7535951
  ],
  "Toshima, Japan": [
    35.7261178,
    139.7166049
  ],
  "Kokubunji, Japan": [
    35.7103347,
    139.4631912
  ],
  "Kyoto Prefecture, Japan": [
    35.0212466,
    135.7555968
  ],
  "Mitaka, Japan": [
    35.683513,
    139.5595842
  ],
  "Seolleung-ro, South Korea": [
    37.5070339,
    127.047777
  ],
  "Itaewon-dong, South Korea": [
    37.5400456,
    126.9921017
  ],
  "Koto, Japan": [
    35.6728535,
    139.8174097
  ],
  "Gwanghui-dong, South Korea": [
    37.5644798,
    127.0052446
  ],
  "Samseong-ro 104-gil, South Korea": [
    37.5109496,
    127.0560181
  ],
  "Sankt-Peterburg, Russia": [
    59.9342802,
    30.3350986
  ],
  "Yongdap-dong, South Korea": [
    37.5640647,
    127.0554067
  ],
  "Olympic-ro, South Korea": [
    37.5213517,
    127.1026097
  ],
  "Sosnovy Bor, Russia": [
    59.8696729,
    29.0856479
  ],
  "Losevo, Russia": [
    60.6794024,
    29.9951179
  ],
  "Bereketzade Mh., Turkey": [
    41.0251263,
    28.9739688
  ],
  "Alemdar Mahallesi, Turkey": [
    41.0096655,
    28.9754242
  ],
  "Süleymaniye Mahallesi, Turkey": [
    41.0136361,
    28.9630532
  ],